Temperature - (Celsius), Year, Statistics, Country, ISO3
4.88065, 1901, Jan Average, Spain, ESP
3.47693, 1901, Feb Average, Spain, ESP
7.27716, 1901, Mar Average, Spain, ESP
11.3796, 1901, Apr Average, Spain, ESP
14.0122, 1901, May Average, Spain, ESP
19.7418, 1901, Jun Average, Spain, ESP
21.8128, 1901, Jul Average, Spain, ESP
21.8858, 1901, Aug Average, Spain, ESP
17.7404, 1901, Sep Average, Spain, ESP
11.6237, 1901, Oct Average, Spain, ESP
6.83591, 1901, Nov Average, Spain, ESP
3.93511, 1901, Dec Average, Spain, ESP
4.6485, 1902, Jan Average, Spain, ESP
6.17904, 1902, Feb Average, Spain, ESP
9.11873, 1902, Mar Average, Spain, ESP
11.4427, 1902, Apr Average, Spain, ESP
12.6436, 1902, May Average, Spain, ESP
16.9176, 1902, Jun Average, Spain, ESP
21.7093, 1902, Jul Average, Spain, ESP
21.1693, 1902, Aug Average, Spain, ESP
17.485, 1902, Sep Average, Spain, ESP
12.0156, 1902, Oct Average, Spain, ESP
8.78121, 1902, Nov Average, Spain, ESP
5.36822, 1902, Dec Average, Spain, ESP
4.8499, 1903, Jan Average, Spain, ESP
6.64328, 1903, Feb Average, Spain, ESP
8.70927, 1903, Mar Average, Spain, ESP
10.7661, 1903, Apr Average, Spain, ESP
13.1013, 1903, May Average, Spain, ESP
17.1067, 1903, Jun Average, Spain, ESP
21.2302, 1903, Jul Average, Spain, ESP
21.8571, 1903, Aug Average, Spain, ESP
17.4838, 1903, Sep Average, Spain, ESP
13.6571, 1903, Oct Average, Spain, ESP
8.97586, 1903, Nov Average, Spain, ESP
4.31975, 1903, Dec Average, Spain, ESP
4.71731, 1904, Jan Average, Spain, ESP
6.34141, 1904, Feb Average, Spain, ESP
6.9776, 1904, Mar Average, Spain, ESP
11.3519, 1904, Apr Average, Spain, ESP
15.6848, 1904, May Average, Spain, ESP
18.7675, 1904, Jun Average, Spain, ESP
22.2297, 1904, Jul Average, Spain, ESP
21.9779, 1904, Aug Average, Spain, ESP
17.1549, 1904, Sep Average, Spain, ESP
13.9528, 1904, Oct Average, Spain, ESP
7.88385, 1904, Nov Average, Spain, ESP
6.63783, 1904, Dec Average, Spain, ESP
4.0718, 1905, Jan Average, Spain, ESP
4.65757, 1905, Feb Average, Spain, ESP
9.41644, 1905, Mar Average, Spain, ESP
11.9888, 1905, Apr Average, Spain, ESP
13.5272, 1905, May Average, Spain, ESP
17.7075, 1905, Jun Average, Spain, ESP
22.0444, 1905, Jul Average, Spain, ESP
21.1042, 1905, Aug Average, Spain, ESP
17.0176, 1905, Sep Average, Spain, ESP
11.6279, 1905, Oct Average, Spain, ESP
6.99066, 1905, Nov Average, Spain, ESP
4.87554, 1905, Dec Average, Spain, ESP
5.5098, 1906, Jan Average, Spain, ESP
4.81492, 1906, Feb Average, Spain, ESP
7.60763, 1906, Mar Average, Spain, ESP
9.3112, 1906, Apr Average, Spain, ESP
13.6659, 1906, May Average, Spain, ESP
19.0842, 1906, Jun Average, Spain, ESP
21.4165, 1906, Jul Average, Spain, ESP
22.7124, 1906, Aug Average, Spain, ESP
18.3454, 1906, Sep Average, Spain, ESP
13.4807, 1906, Oct Average, Spain, ESP
8.11457, 1906, Nov Average, Spain, ESP
4.52445, 1906, Dec Average, Spain, ESP
4.02907, 1907, Jan Average, Spain, ESP
4.44277, 1907, Feb Average, Spain, ESP
8.56443, 1907, Mar Average, Spain, ESP
10.3106, 1907, Apr Average, Spain, ESP
12.9929, 1907, May Average, Spain, ESP
18.4581, 1907, Jun Average, Spain, ESP
20.319, 1907, Jul Average, Spain, ESP
21.9802, 1907, Aug Average, Spain, ESP
18.5754, 1907, Sep Average, Spain, ESP
11.6716, 1907, Oct Average, Spain, ESP
8.38546, 1907, Nov Average, Spain, ESP
7.07726, 1907, Dec Average, Spain, ESP
5.42531, 1908, Jan Average, Spain, ESP
5.93908, 1908, Feb Average, Spain, ESP
6.67066, 1908, Mar Average, Spain, ESP
9.07263, 1908, Apr Average, Spain, ESP
15.5839, 1908, May Average, Spain, ESP
17.239, 1908, Jun Average, Spain, ESP
21.1902, 1908, Jul Average, Spain, ESP
21.3029, 1908, Aug Average, Spain, ESP
18.4663, 1908, Sep Average, Spain, ESP
14.1798, 1908, Oct Average, Spain, ESP
9.43747, 1908, Nov Average, Spain, ESP
6.02632, 1908, Dec Average, Spain, ESP
3.75732, 1909, Jan Average, Spain, ESP
4.12964, 1909, Feb Average, Spain, ESP
7.41719, 1909, Mar Average, Spain, ESP
11.7146, 1909, Apr Average, Spain, ESP
14.5289, 1909, May Average, Spain, ESP
16.0328, 1909, Jun Average, Spain, ESP
20.6954, 1909, Jul Average, Spain, ESP
21.441, 1909, Aug Average, Spain, ESP
16.6253, 1909, Sep Average, Spain, ESP
13.7619, 1909, Oct Average, Spain, ESP
7.97503, 1909, Nov Average, Spain, ESP
6.68568, 1909, Dec Average, Spain, ESP
4.75813, 1910, Jan Average, Spain, ESP
7.05321, 1910, Feb Average, Spain, ESP
7.21896, 1910, Mar Average, Spain, ESP
10.0633, 1910, Apr Average, Spain, ESP
12.4238, 1910, May Average, Spain, ESP
17.8821, 1910, Jun Average, Spain, ESP
20.4766, 1910, Jul Average, Spain, ESP
20.7123, 1910, Aug Average, Spain, ESP
17.332, 1910, Sep Average, Spain, ESP
13.0559, 1910, Oct Average, Spain, ESP
8.4195, 1910, Nov Average, Spain, ESP
6.27407, 1910, Dec Average, Spain, ESP
2.62615, 1911, Jan Average, Spain, ESP
6.08375, 1911, Feb Average, Spain, ESP
7.24447, 1911, Mar Average, Spain, ESP
9.27414, 1911, Apr Average, Spain, ESP
13.3828, 1911, May Average, Spain, ESP
17.0511, 1911, Jun Average, Spain, ESP
22.549, 1911, Jul Average, Spain, ESP
22.439, 1911, Aug Average, Spain, ESP
19.9845, 1911, Sep Average, Spain, ESP
12.552, 1911, Oct Average, Spain, ESP
8.30712, 1911, Nov Average, Spain, ESP
6.96999, 1911, Dec Average, Spain, ESP
5.35219, 1912, Jan Average, Spain, ESP
8.18863, 1912, Feb Average, Spain, ESP
9.68009, 1912, Mar Average, Spain, ESP
10.4472, 1912, Apr Average, Spain, ESP
15.3353, 1912, May Average, Spain, ESP
17.5268, 1912, Jun Average, Spain, ESP
19.7658, 1912, Jul Average, Spain, ESP
19.5702, 1912, Aug Average, Spain, ESP
16.6498, 1912, Sep Average, Spain, ESP
12.134, 1912, Oct Average, Spain, ESP
7.29254, 1912, Nov Average, Spain, ESP
4.58671, 1912, Dec Average, Spain, ESP
6.40492, 1913, Jan Average, Spain, ESP
5.99237, 1913, Feb Average, Spain, ESP
8.50027, 1913, Mar Average, Spain, ESP
9.89504, 1913, Apr Average, Spain, ESP
14.1615, 1913, May Average, Spain, ESP
18.9993, 1913, Jun Average, Spain, ESP
21.182, 1913, Jul Average, Spain, ESP
20.8694, 1913, Aug Average, Spain, ESP
16.9042, 1913, Sep Average, Spain, ESP
13.0519, 1913, Oct Average, Spain, ESP
9.59517, 1913, Nov Average, Spain, ESP
4.82358, 1913, Dec Average, Spain, ESP
3.02683, 1914, Jan Average, Spain, ESP
6.98159, 1914, Feb Average, Spain, ESP
8.97726, 1914, Mar Average, Spain, ESP
11.3085, 1914, Apr Average, Spain, ESP
13.939, 1914, May Average, Spain, ESP
16.4399, 1914, Jun Average, Spain, ESP
20.29, 1914, Jul Average, Spain, ESP
20.8654, 1914, Aug Average, Spain, ESP
18.9169, 1914, Sep Average, Spain, ESP
13.1203, 1914, Oct Average, Spain, ESP
7.62953, 1914, Nov Average, Spain, ESP
5.75274, 1914, Dec Average, Spain, ESP
4.48614, 1915, Jan Average, Spain, ESP
5.30737, 1915, Feb Average, Spain, ESP
8.21933, 1915, Mar Average, Spain, ESP
9.21177, 1915, Apr Average, Spain, ESP
14.4863, 1915, May Average, Spain, ESP
17.4499, 1915, Jun Average, Spain, ESP
21.7108, 1915, Jul Average, Spain, ESP
22.0407, 1915, Aug Average, Spain, ESP
17.7031, 1915, Sep Average, Spain, ESP
11.9118, 1915, Oct Average, Spain, ESP
8.04266, 1915, Nov Average, Spain, ESP
6.8627, 1915, Dec Average, Spain, ESP
5.35979, 1916, Jan Average, Spain, ESP
5.76071, 1916, Feb Average, Spain, ESP
6.83955, 1916, Mar Average, Spain, ESP
10.4604, 1916, Apr Average, Spain, ESP
14.4867, 1916, May Average, Spain, ESP
17.4208, 1916, Jun Average, Spain, ESP
20.8852, 1916, Jul Average, Spain, ESP
21.8874, 1916, Aug Average, Spain, ESP
17.4739, 1916, Sep Average, Spain, ESP
13.6672, 1916, Oct Average, Spain, ESP
8.34353, 1916, Nov Average, Spain, ESP
6.07286, 1916, Dec Average, Spain, ESP
3.73419, 1917, Jan Average, Spain, ESP
5.07843, 1917, Feb Average, Spain, ESP
6.6693, 1917, Mar Average, Spain, ESP
9.00001, 1917, Apr Average, Spain, ESP
14.4257, 1917, May Average, Spain, ESP
18.2244, 1917, Jun Average, Spain, ESP
22.0438, 1917, Jul Average, Spain, ESP
20.4578, 1917, Aug Average, Spain, ESP
19.1252, 1917, Sep Average, Spain, ESP
11.658, 1917, Oct Average, Spain, ESP
7.92264, 1917, Nov Average, Spain, ESP
3.81748, 1917, Dec Average, Spain, ESP
5.35422, 1918, Jan Average, Spain, ESP
6.11558, 1918, Feb Average, Spain, ESP
7.23548, 1918, Mar Average, Spain, ESP
9.05772, 1918, Apr Average, Spain, ESP
14.3996, 1918, May Average, Spain, ESP
18.3186, 1918, Jun Average, Spain, ESP
21.3869, 1918, Jul Average, Spain, ESP
21.9986, 1918, Aug Average, Spain, ESP
17.7931, 1918, Sep Average, Spain, ESP
10.825, 1918, Oct Average, Spain, ESP
7.83497, 1918, Nov Average, Spain, ESP
6.06289, 1918, Dec Average, Spain, ESP
3.98389, 1919, Jan Average, Spain, ESP
7.14911, 1919, Feb Average, Spain, ESP
7.79116, 1919, Mar Average, Spain, ESP
9.59142, 1919, Apr Average, Spain, ESP
14.2435, 1919, May Average, Spain, ESP
19.1092, 1919, Jun Average, Spain, ESP
19.9794, 1919, Jul Average, Spain, ESP
22.4057, 1919, Aug Average, Spain, ESP
18.4918, 1919, Sep Average, Spain, ESP
11.183, 1919, Oct Average, Spain, ESP
6.45442, 1919, Nov Average, Spain, ESP
4.56047, 1919, Dec Average, Spain, ESP
5.41621, 1920, Jan Average, Spain, ESP
6.76216, 1920, Feb Average, Spain, ESP
8.39604, 1920, Mar Average, Spain, ESP
11.2455, 1920, Apr Average, Spain, ESP
15.1625, 1920, May Average, Spain, ESP
18.1189, 1920, Jun Average, Spain, ESP
20.5535, 1920, Jul Average, Spain, ESP
20.4441, 1920, Aug Average, Spain, ESP
18.035, 1920, Sep Average, Spain, ESP
12.3926, 1920, Oct Average, Spain, ESP
7.67285, 1920, Nov Average, Spain, ESP
4.75649, 1920, Dec Average, Spain, ESP
5.28003, 1921, Jan Average, Spain, ESP
5.94558, 1921, Feb Average, Spain, ESP
8.05154, 1921, Mar Average, Spain, ESP
10.0974, 1921, Apr Average, Spain, ESP
13.8054, 1921, May Average, Spain, ESP
18.6157, 1921, Jun Average, Spain, ESP
22.4839, 1921, Jul Average, Spain, ESP
21.2694, 1921, Aug Average, Spain, ESP
19.137, 1921, Sep Average, Spain, ESP
15.3777, 1921, Oct Average, Spain, ESP
7.8866, 1921, Nov Average, Spain, ESP
4.96531, 1921, Dec Average, Spain, ESP
4.83553, 1922, Jan Average, Spain, ESP
6.69703, 1922, Feb Average, Spain, ESP
7.51111, 1922, Mar Average, Spain, ESP
10.2576, 1922, Apr Average, Spain, ESP
16.1484, 1922, May Average, Spain, ESP
17.5211, 1922, Jun Average, Spain, ESP
20.7788, 1922, Jul Average, Spain, ESP
21.4369, 1922, Aug Average, Spain, ESP
16.4257, 1922, Sep Average, Spain, ESP
13.2378, 1922, Oct Average, Spain, ESP
8.01496, 1922, Nov Average, Spain, ESP
4.57841, 1922, Dec Average, Spain, ESP
3.82916, 1923, Jan Average, Spain, ESP
6.81195, 1923, Feb Average, Spain, ESP
9.09875, 1923, Mar Average, Spain, ESP
9.48399, 1923, Apr Average, Spain, ESP
14.2968, 1923, May Average, Spain, ESP
17.4953, 1923, Jun Average, Spain, ESP
22.129, 1923, Jul Average, Spain, ESP
22.8284, 1923, Aug Average, Spain, ESP
17.4475, 1923, Sep Average, Spain, ESP
14.9273, 1923, Oct Average, Spain, ESP
7.66931, 1923, Nov Average, Spain, ESP
4.18062, 1923, Dec Average, Spain, ESP
5.32125, 1924, Jan Average, Spain, ESP
3.94218, 1924, Feb Average, Spain, ESP
8.64546, 1924, Mar Average, Spain, ESP
11.1574, 1924, Apr Average, Spain, ESP
16.105, 1924, May Average, Spain, ESP
19.1029, 1924, Jun Average, Spain, ESP
21.8815, 1924, Jul Average, Spain, ESP
20.7443, 1924, Aug Average, Spain, ESP
17.9195, 1924, Sep Average, Spain, ESP
13.7308, 1924, Oct Average, Spain, ESP
8.5295, 1924, Nov Average, Spain, ESP
5.63295, 1924, Dec Average, Spain, ESP
4.85097, 1925, Jan Average, Spain, ESP
5.53929, 1925, Feb Average, Spain, ESP
5.85337, 1925, Mar Average, Spain, ESP
9.96352, 1925, Apr Average, Spain, ESP
13.0603, 1925, May Average, Spain, ESP
17.9049, 1925, Jun Average, Spain, ESP
19.944, 1925, Jul Average, Spain, ESP
21.2853, 1925, Aug Average, Spain, ESP
17.3339, 1925, Sep Average, Spain, ESP
13.3976, 1925, Oct Average, Spain, ESP
6.8584, 1925, Nov Average, Spain, ESP
6.33119, 1925, Dec Average, Spain, ESP
5.86965, 1926, Jan Average, Spain, ESP
9.08244, 1926, Feb Average, Spain, ESP
9.56863, 1926, Mar Average, Spain, ESP
11.1458, 1926, Apr Average, Spain, ESP
13.1422, 1926, May Average, Spain, ESP
17.662, 1926, Jun Average, Spain, ESP
21.6651, 1926, Jul Average, Spain, ESP
22.6958, 1926, Aug Average, Spain, ESP
21.0887, 1926, Sep Average, Spain, ESP
15.0809, 1926, Oct Average, Spain, ESP
8.34719, 1926, Nov Average, Spain, ESP
4.34034, 1926, Dec Average, Spain, ESP
5.21582, 1927, Jan Average, Spain, ESP
5.68283, 1927, Feb Average, Spain, ESP
8.99544, 1927, Mar Average, Spain, ESP
11.8846, 1927, Apr Average, Spain, ESP
15.3897, 1927, May Average, Spain, ESP
18.7543, 1927, Jun Average, Spain, ESP
20.5353, 1927, Jul Average, Spain, ESP
21.1421, 1927, Aug Average, Spain, ESP
17.7905, 1927, Sep Average, Spain, ESP
14.2184, 1927, Oct Average, Spain, ESP
7.89216, 1927, Nov Average, Spain, ESP
6.04778, 1927, Dec Average, Spain, ESP
4.75762, 1928, Jan Average, Spain, ESP
7.33284, 1928, Feb Average, Spain, ESP
8.80318, 1928, Mar Average, Spain, ESP
10.1779, 1928, Apr Average, Spain, ESP
12.8267, 1928, May Average, Spain, ESP
18.7596, 1928, Jun Average, Spain, ESP
23.6328, 1928, Jul Average, Spain, ESP
22.3589, 1928, Aug Average, Spain, ESP
18.9957, 1928, Sep Average, Spain, ESP
13.5673, 1928, Oct Average, Spain, ESP
8.26489, 1928, Nov Average, Spain, ESP
4.47716, 1928, Dec Average, Spain, ESP
3.48047, 1929, Jan Average, Spain, ESP
6.09559, 1929, Feb Average, Spain, ESP
8.80067, 1929, Mar Average, Spain, ESP
11.205, 1929, Apr Average, Spain, ESP
13.5112, 1929, May Average, Spain, ESP
19.2027, 1929, Jun Average, Spain, ESP
22.1243, 1929, Jul Average, Spain, ESP
21.3734, 1929, Aug Average, Spain, ESP
18.9134, 1929, Sep Average, Spain, ESP
13.2566, 1929, Oct Average, Spain, ESP
8.51467, 1929, Nov Average, Spain, ESP
7.08444, 1929, Dec Average, Spain, ESP
6.21257, 1930, Jan Average, Spain, ESP
4.1435, 1930, Feb Average, Spain, ESP
8.88587, 1930, Mar Average, Spain, ESP
9.63138, 1930, Apr Average, Spain, ESP
14.5074, 1930, May Average, Spain, ESP
17.9927, 1930, Jun Average, Spain, ESP
20.788, 1930, Jul Average, Spain, ESP
22.2858, 1930, Aug Average, Spain, ESP
19.0939, 1930, Sep Average, Spain, ESP
15.1413, 1930, Oct Average, Spain, ESP
9.87238, 1930, Nov Average, Spain, ESP
6.84051, 1930, Dec Average, Spain, ESP
5.19333, 1931, Jan Average, Spain, ESP
5.74316, 1931, Feb Average, Spain, ESP
9.21936, 1931, Mar Average, Spain, ESP
11.0238, 1931, Apr Average, Spain, ESP
14.1115, 1931, May Average, Spain, ESP
19.9045, 1931, Jun Average, Spain, ESP
21.3219, 1931, Jul Average, Spain, ESP
20.9698, 1931, Aug Average, Spain, ESP
17.0722, 1931, Sep Average, Spain, ESP
13.6555, 1931, Oct Average, Spain, ESP
8.97809, 1931, Nov Average, Spain, ESP
4.04798, 1931, Dec Average, Spain, ESP
4.68864, 1932, Jan Average, Spain, ESP
3.87042, 1932, Feb Average, Spain, ESP
8.7615, 1932, Mar Average, Spain, ESP
9.4812, 1932, Apr Average, Spain, ESP
13.8353, 1932, May Average, Spain, ESP
17.156, 1932, Jun Average, Spain, ESP
19.9823, 1932, Jul Average, Spain, ESP
22.0905, 1932, Aug Average, Spain, ESP
18.6911, 1932, Sep Average, Spain, ESP
12.6296, 1932, Oct Average, Spain, ESP
9.22909, 1932, Nov Average, Spain, ESP
6.46722, 1932, Dec Average, Spain, ESP
4.07912, 1933, Jan Average, Spain, ESP
5.70993, 1933, Feb Average, Spain, ESP
8.72469, 1933, Mar Average, Spain, ESP
12.2985, 1933, Apr Average, Spain, ESP
15.9304, 1933, May Average, Spain, ESP
17.1047, 1933, Jun Average, Spain, ESP
22.4363, 1933, Jul Average, Spain, ESP
23.921, 1933, Aug Average, Spain, ESP
18.862, 1933, Sep Average, Spain, ESP
13.7236, 1933, Oct Average, Spain, ESP
6.70766, 1933, Nov Average, Spain, ESP
2.71187, 1933, Dec Average, Spain, ESP
3.78814, 1934, Jan Average, Spain, ESP
4.81365, 1934, Feb Average, Spain, ESP
6.93231, 1934, Mar Average, Spain, ESP
9.83009, 1934, Apr Average, Spain, ESP
15.3343, 1934, May Average, Spain, ESP
19.5246, 1934, Jun Average, Spain, ESP
22.755, 1934, Jul Average, Spain, ESP
20.5461, 1934, Aug Average, Spain, ESP
19.1767, 1934, Sep Average, Spain, ESP
14.1764, 1934, Oct Average, Spain, ESP
6.40423, 1934, Nov Average, Spain, ESP
7.78483, 1934, Dec Average, Spain, ESP
3.21136, 1935, Jan Average, Spain, ESP
5.45588, 1935, Feb Average, Spain, ESP
8.57154, 1935, Mar Average, Spain, ESP
10.8291, 1935, Apr Average, Spain, ESP
11.9248, 1935, May Average, Spain, ESP
18.122, 1935, Jun Average, Spain, ESP
22.4579, 1935, Jul Average, Spain, ESP
21.2502, 1935, Aug Average, Spain, ESP
19.2078, 1935, Sep Average, Spain, ESP
12.1403, 1935, Oct Average, Spain, ESP
8.01396, 1935, Nov Average, Spain, ESP
6.38093, 1935, Dec Average, Spain, ESP
7.5463, 1936, Jan Average, Spain, ESP
7.49889, 1936, Feb Average, Spain, ESP
8.27787, 1936, Mar Average, Spain, ESP
10.4993, 1936, Apr Average, Spain, ESP
12.2529, 1936, May Average, Spain, ESP
16.2905, 1936, Jun Average, Spain, ESP
20.413, 1936, Jul Average, Spain, ESP
21.8956, 1936, Aug Average, Spain, ESP
18.8891, 1936, Sep Average, Spain, ESP
11.5078, 1936, Oct Average, Spain, ESP
7.54462, 1936, Nov Average, Spain, ESP
4.2877, 1936, Dec Average, Spain, ESP
5.72534, 1937, Jan Average, Spain, ESP
7.98993, 1937, Feb Average, Spain, ESP
7.72316, 1937, Mar Average, Spain, ESP
11.5169, 1937, Apr Average, Spain, ESP
14.4855, 1937, May Average, Spain, ESP
18.3161, 1937, Jun Average, Spain, ESP
22.1419, 1937, Jul Average, Spain, ESP
22.2238, 1937, Aug Average, Spain, ESP
18.1016, 1937, Sep Average, Spain, ESP
13.6011, 1937, Oct Average, Spain, ESP
9.90932, 1937, Nov Average, Spain, ESP
4.80766, 1937, Dec Average, Spain, ESP
4.45652, 1938, Jan Average, Spain, ESP
4.88792, 1938, Feb Average, Spain, ESP
9.14197, 1938, Mar Average, Spain, ESP
10.7564, 1938, Apr Average, Spain, ESP
13.1278, 1938, May Average, Spain, ESP
19.6412, 1938, Jun Average, Spain, ESP
21.205, 1938, Jul Average, Spain, ESP
20.9571, 1938, Aug Average, Spain, ESP
16.9798, 1938, Sep Average, Spain, ESP
13.8834, 1938, Oct Average, Spain, ESP
10.08, 1938, Nov Average, Spain, ESP
5.18952, 1938, Dec Average, Spain, ESP
6.83826, 1939, Jan Average, Spain, ESP
6.36964, 1939, Feb Average, Spain, ESP
7.55109, 1939, Mar Average, Spain, ESP
10.1698, 1939, Apr Average, Spain, ESP
12.9755, 1939, May Average, Spain, ESP
17.0483, 1939, Jun Average, Spain, ESP
20.8686, 1939, Jul Average, Spain, ESP
20.7492, 1939, Aug Average, Spain, ESP
18.5647, 1939, Sep Average, Spain, ESP
12.5399, 1939, Oct Average, Spain, ESP
8.69395, 1939, Nov Average, Spain, ESP
5.35667, 1939, Dec Average, Spain, ESP
4.48656, 1940, Jan Average, Spain, ESP
7.8031, 1940, Feb Average, Spain, ESP
10.3673, 1940, Mar Average, Spain, ESP
11.4166, 1940, Apr Average, Spain, ESP
14.1897, 1940, May Average, Spain, ESP
17.604, 1940, Jun Average, Spain, ESP
20.7016, 1940, Jul Average, Spain, ESP
21.9314, 1940, Aug Average, Spain, ESP
18.2577, 1940, Sep Average, Spain, ESP
12.0435, 1940, Oct Average, Spain, ESP
8.19758, 1940, Nov Average, Spain, ESP
3.66046, 1940, Dec Average, Spain, ESP
4.1333, 1941, Jan Average, Spain, ESP
6.9203, 1941, Feb Average, Spain, ESP
8.78515, 1941, Mar Average, Spain, ESP
9.98876, 1941, Apr Average, Spain, ESP
12.0358, 1941, May Average, Spain, ESP
18.0802, 1941, Jun Average, Spain, ESP
21.4883, 1941, Jul Average, Spain, ESP
20.9016, 1941, Aug Average, Spain, ESP
18.5291, 1941, Sep Average, Spain, ESP
13.6388, 1941, Oct Average, Spain, ESP
7.68454, 1941, Nov Average, Spain, ESP
4.24728, 1941, Dec Average, Spain, ESP
4.37104, 1942, Jan Average, Spain, ESP
3.95172, 1942, Feb Average, Spain, ESP
9.46318, 1942, Mar Average, Spain, ESP
11.2409, 1942, Apr Average, Spain, ESP
14.8077, 1942, May Average, Spain, ESP
19.1101, 1942, Jun Average, Spain, ESP
21.4575, 1942, Jul Average, Spain, ESP
21.2648, 1942, Aug Average, Spain, ESP
18.5322, 1942, Sep Average, Spain, ESP
14.9906, 1942, Oct Average, Spain, ESP
8.35269, 1942, Nov Average, Spain, ESP
5.79415, 1942, Dec Average, Spain, ESP
5.71469, 1943, Jan Average, Spain, ESP
6.3044, 1943, Feb Average, Spain, ESP
8.54927, 1943, Mar Average, Spain, ESP
12.6291, 1943, Apr Average, Spain, ESP
16.0585, 1943, May Average, Spain, ESP
20.3947, 1943, Jun Average, Spain, ESP
21.4446, 1943, Jul Average, Spain, ESP
22.541, 1943, Aug Average, Spain, ESP
18.1874, 1943, Sep Average, Spain, ESP
13.3547, 1943, Oct Average, Spain, ESP
7.4012, 1943, Nov Average, Spain, ESP
5.37916, 1943, Dec Average, Spain, ESP
4.46692, 1944, Jan Average, Spain, ESP
4.07762, 1944, Feb Average, Spain, ESP
7.9769, 1944, Mar Average, Spain, ESP
12.1653, 1944, Apr Average, Spain, ESP
15.2991, 1944, May Average, Spain, ESP
18.8118, 1944, Jun Average, Spain, ESP
21.475, 1944, Jul Average, Spain, ESP
22.2056, 1944, Aug Average, Spain, ESP
18.5289, 1944, Sep Average, Spain, ESP
11.557, 1944, Oct Average, Spain, ESP
8.75363, 1944, Nov Average, Spain, ESP
4.76185, 1944, Dec Average, Spain, ESP
2.13532, 1945, Jan Average, Spain, ESP
7.16749, 1945, Feb Average, Spain, ESP
9.20677, 1945, Mar Average, Spain, ESP
13.4532, 1945, Apr Average, Spain, ESP
15.5352, 1945, May Average, Spain, ESP
19.9769, 1945, Jun Average, Spain, ESP
22.3857, 1945, Jul Average, Spain, ESP
20.8949, 1945, Aug Average, Spain, ESP
19.8825, 1945, Sep Average, Spain, ESP
14.6898, 1945, Oct Average, Spain, ESP
9.80147, 1945, Nov Average, Spain, ESP
6.82458, 1945, Dec Average, Spain, ESP
3.78025, 1946, Jan Average, Spain, ESP
6.85977, 1946, Feb Average, Spain, ESP
8.1998, 1946, Mar Average, Spain, ESP
10.8254, 1946, Apr Average, Spain, ESP
12.7898, 1946, May Average, Spain, ESP
18.0448, 1946, Jun Average, Spain, ESP
22.2506, 1946, Jul Average, Spain, ESP
21.8161, 1946, Aug Average, Spain, ESP
19.2849, 1946, Sep Average, Spain, ESP
14.6431, 1946, Oct Average, Spain, ESP
8.63509, 1946, Nov Average, Spain, ESP
4.39334, 1946, Dec Average, Spain, ESP
4.05194, 1947, Jan Average, Spain, ESP
6.1192, 1947, Feb Average, Spain, ESP
9.87665, 1947, Mar Average, Spain, ESP
12.1718, 1947, Apr Average, Spain, ESP
14.2375, 1947, May Average, Spain, ESP
19.9056, 1947, Jun Average, Spain, ESP
22.9029, 1947, Jul Average, Spain, ESP
22.2652, 1947, Aug Average, Spain, ESP
18.7529, 1947, Sep Average, Spain, ESP
14.3428, 1947, Oct Average, Spain, ESP
10.628, 1947, Nov Average, Spain, ESP
4.81318, 1947, Dec Average, Spain, ESP
6.59592, 1948, Jan Average, Spain, ESP
7.0594, 1948, Feb Average, Spain, ESP
10.6683, 1948, Mar Average, Spain, ESP
11.0375, 1948, Apr Average, Spain, ESP
14.1857, 1948, May Average, Spain, ESP
19.2614, 1948, Jun Average, Spain, ESP
20.8662, 1948, Jul Average, Spain, ESP
21.7802, 1948, Aug Average, Spain, ESP
18.9349, 1948, Sep Average, Spain, ESP
13.97, 1948, Oct Average, Spain, ESP
9.98998, 1948, Nov Average, Spain, ESP
7.0043, 1948, Dec Average, Spain, ESP
5.46357, 1949, Jan Average, Spain, ESP
6.62553, 1949, Feb Average, Spain, ESP
7.86284, 1949, Mar Average, Spain, ESP
12.6189, 1949, Apr Average, Spain, ESP
13.7459, 1949, May Average, Spain, ESP
19.1831, 1949, Jun Average, Spain, ESP
22.9937, 1949, Jul Average, Spain, ESP
23.0968, 1949, Aug Average, Spain, ESP
19.4671, 1949, Sep Average, Spain, ESP
14.6429, 1949, Oct Average, Spain, ESP
9.12789, 1949, Nov Average, Spain, ESP
5.95297, 1949, Dec Average, Spain, ESP
4.86592, 1950, Jan Average, Spain, ESP
7.33455, 1950, Feb Average, Spain, ESP
8.75867, 1950, Mar Average, Spain, ESP
10.4357, 1950, Apr Average, Spain, ESP
14.1686, 1950, May Average, Spain, ESP
19.4539, 1950, Jun Average, Spain, ESP
23.1915, 1950, Jul Average, Spain, ESP
21.8703, 1950, Aug Average, Spain, ESP
18.3404, 1950, Sep Average, Spain, ESP
13.8584, 1950, Oct Average, Spain, ESP
10.2354, 1950, Nov Average, Spain, ESP
4.20761, 1950, Dec Average, Spain, ESP
5.29648, 1951, Jan Average, Spain, ESP
5.71149, 1951, Feb Average, Spain, ESP
8.40434, 1951, Mar Average, Spain, ESP
10.5353, 1951, Apr Average, Spain, ESP
12.1717, 1951, May Average, Spain, ESP
18.7153, 1951, Jun Average, Spain, ESP
21.8443, 1951, Jul Average, Spain, ESP
20.7036, 1951, Aug Average, Spain, ESP
18.948, 1951, Sep Average, Spain, ESP
12.2715, 1951, Oct Average, Spain, ESP
8.9666, 1951, Nov Average, Spain, ESP
6.78488, 1951, Dec Average, Spain, ESP
3.66397, 1952, Jan Average, Spain, ESP
5.71638, 1952, Feb Average, Spain, ESP
10.7103, 1952, Mar Average, Spain, ESP
11.2212, 1952, Apr Average, Spain, ESP
15.0563, 1952, May Average, Spain, ESP
20.1965, 1952, Jun Average, Spain, ESP
21.9856, 1952, Jul Average, Spain, ESP
21.4455, 1952, Aug Average, Spain, ESP
16.7754, 1952, Sep Average, Spain, ESP
14.4449, 1952, Oct Average, Spain, ESP
9.12825, 1952, Nov Average, Spain, ESP
5.91528, 1952, Dec Average, Spain, ESP
3.62025, 1953, Jan Average, Spain, ESP
4.89413, 1953, Feb Average, Spain, ESP
8.24213, 1953, Mar Average, Spain, ESP
11.0371, 1953, Apr Average, Spain, ESP
16.4383, 1953, May Average, Spain, ESP
17.3657, 1953, Jun Average, Spain, ESP
21.5673, 1953, Jul Average, Spain, ESP
22.8188, 1953, Aug Average, Spain, ESP
18.9506, 1953, Sep Average, Spain, ESP
13.2389, 1953, Oct Average, Spain, ESP
9.6068, 1953, Nov Average, Spain, ESP
8.33709, 1953, Dec Average, Spain, ESP
3.75937, 1954, Jan Average, Spain, ESP
4.96166, 1954, Feb Average, Spain, ESP
8.48607, 1954, Mar Average, Spain, ESP
9.92511, 1954, Apr Average, Spain, ESP
14.2155, 1954, May Average, Spain, ESP
17.9605, 1954, Jun Average, Spain, ESP
20.8706, 1954, Jul Average, Spain, ESP
20.5246, 1954, Aug Average, Spain, ESP
18.7548, 1954, Sep Average, Spain, ESP
14.793, 1954, Oct Average, Spain, ESP
10.5951, 1954, Nov Average, Spain, ESP
6.58686, 1954, Dec Average, Spain, ESP
8.23619, 1955, Jan Average, Spain, ESP
6.78432, 1955, Feb Average, Spain, ESP
7.60345, 1955, Mar Average, Spain, ESP
12.3885, 1955, Apr Average, Spain, ESP
16.1169, 1955, May Average, Spain, ESP
19.0176, 1955, Jun Average, Spain, ESP
22.3149, 1955, Jul Average, Spain, ESP
22.4005, 1955, Aug Average, Spain, ESP
18.9025, 1955, Sep Average, Spain, ESP
13.5456, 1955, Oct Average, Spain, ESP
8.86952, 1955, Nov Average, Spain, ESP
7.67504, 1955, Dec Average, Spain, ESP
6.09636, 1956, Jan Average, Spain, ESP
2.77855, 1956, Feb Average, Spain, ESP
8.25919, 1956, Mar Average, Spain, ESP
9.98825, 1956, Apr Average, Spain, ESP
14.4873, 1956, May Average, Spain, ESP
17.517, 1956, Jun Average, Spain, ESP
21.0059, 1956, Jul Average, Spain, ESP
20.8421, 1956, Aug Average, Spain, ESP
18.1677, 1956, Sep Average, Spain, ESP
13.498, 1956, Oct Average, Spain, ESP
6.85093, 1956, Nov Average, Spain, ESP
4.36249, 1956, Dec Average, Spain, ESP
3.4664, 1957, Jan Average, Spain, ESP
7.95567, 1957, Feb Average, Spain, ESP
10.8002, 1957, Mar Average, Spain, ESP
10.1843, 1957, Apr Average, Spain, ESP
13.3898, 1957, May Average, Spain, ESP
17.4655, 1957, Jun Average, Spain, ESP
21.8862, 1957, Jul Average, Spain, ESP
22.0876, 1957, Aug Average, Spain, ESP
19.2742, 1957, Sep Average, Spain, ESP
13.0954, 1957, Oct Average, Spain, ESP
7.82541, 1957, Nov Average, Spain, ESP
4.61386, 1957, Dec Average, Spain, ESP
5.33261, 1958, Jan Average, Spain, ESP
7.89503, 1958, Feb Average, Spain, ESP
8.78913, 1958, Mar Average, Spain, ESP
9.9506, 1958, Apr Average, Spain, ESP
15.5873, 1958, May Average, Spain, ESP
17.7833, 1958, Jun Average, Spain, ESP
21.0791, 1958, Jul Average, Spain, ESP
21.5364, 1958, Aug Average, Spain, ESP
20.3038, 1958, Sep Average, Spain, ESP
13.6424, 1958, Oct Average, Spain, ESP
8.68673, 1958, Nov Average, Spain, ESP
7.10931, 1958, Dec Average, Spain, ESP
6.31142, 1959, Jan Average, Spain, ESP
6.17884, 1959, Feb Average, Spain, ESP
9.38395, 1959, Mar Average, Spain, ESP
11.3669, 1959, Apr Average, Spain, ESP
13.9322, 1959, May Average, Spain, ESP
18.6767, 1959, Jun Average, Spain, ESP
22.6188, 1959, Jul Average, Spain, ESP
21.7077, 1959, Aug Average, Spain, ESP
18.4701, 1959, Sep Average, Spain, ESP
13.774, 1959, Oct Average, Spain, ESP
8.67094, 1959, Nov Average, Spain, ESP
6.80636, 1959, Dec Average, Spain, ESP
5.39064, 1960, Jan Average, Spain, ESP
6.9887, 1960, Feb Average, Spain, ESP
9.66497, 1960, Mar Average, Spain, ESP
11.3603, 1960, Apr Average, Spain, ESP
15.5392, 1960, May Average, Spain, ESP
19.9314, 1960, Jun Average, Spain, ESP
21.4199, 1960, Jul Average, Spain, ESP
21.0738, 1960, Aug Average, Spain, ESP
18.3136, 1960, Sep Average, Spain, ESP
12.0277, 1960, Oct Average, Spain, ESP
9.27369, 1960, Nov Average, Spain, ESP
4.61836, 1960, Dec Average, Spain, ESP
4.82739, 1961, Jan Average, Spain, ESP
8.95374, 1961, Feb Average, Spain, ESP
10.4975, 1961, Mar Average, Spain, ESP
12.3464, 1961, Apr Average, Spain, ESP
16.1818, 1961, May Average, Spain, ESP
19.1371, 1961, Jun Average, Spain, ESP
22.0054, 1961, Jul Average, Spain, ESP
22.2254, 1961, Aug Average, Spain, ESP
19.8618, 1961, Sep Average, Spain, ESP
13.5494, 1961, Oct Average, Spain, ESP
8.64707, 1961, Nov Average, Spain, ESP
7.10611, 1961, Dec Average, Spain, ESP
6.31113, 1962, Jan Average, Spain, ESP
6.12656, 1962, Feb Average, Spain, ESP
7.86478, 1962, Mar Average, Spain, ESP
11.0483, 1962, Apr Average, Spain, ESP
14.5388, 1962, May Average, Spain, ESP
18.8149, 1962, Jun Average, Spain, ESP
21.693, 1962, Jul Average, Spain, ESP
22.8403, 1962, Aug Average, Spain, ESP
19.8835, 1962, Sep Average, Spain, ESP
15.0746, 1962, Oct Average, Spain, ESP
6.77893, 1962, Nov Average, Spain, ESP
4.52903, 1962, Dec Average, Spain, ESP
4.82229, 1963, Jan Average, Spain, ESP
4.33596, 1963, Feb Average, Spain, ESP
8.60847, 1963, Mar Average, Spain, ESP
10.6874, 1963, Apr Average, Spain, ESP
14.2558, 1963, May Average, Spain, ESP
17.9962, 1963, Jun Average, Spain, ESP
22.1524, 1963, Jul Average, Spain, ESP
20.6105, 1963, Aug Average, Spain, ESP
17.5683, 1963, Sep Average, Spain, ESP
15.0296, 1963, Oct Average, Spain, ESP
9.88153, 1963, Nov Average, Spain, ESP
4.90263, 1963, Dec Average, Spain, ESP
4.46282, 1964, Jan Average, Spain, ESP
7.15011, 1964, Feb Average, Spain, ESP
8.32489, 1964, Mar Average, Spain, ESP
10.6345, 1964, Apr Average, Spain, ESP
17.2578, 1964, May Average, Spain, ESP
19.0148, 1964, Jun Average, Spain, ESP
22.7089, 1964, Jul Average, Spain, ESP
22.1359, 1964, Aug Average, Spain, ESP
20.9501, 1964, Sep Average, Spain, ESP
13.0096, 1964, Oct Average, Spain, ESP
8.68518, 1964, Nov Average, Spain, ESP
4.55345, 1964, Dec Average, Spain, ESP
4.91456, 1965, Jan Average, Spain, ESP
4.40289, 1965, Feb Average, Spain, ESP
9.01775, 1965, Mar Average, Spain, ESP
11.1733, 1965, Apr Average, Spain, ESP
16.1284, 1965, May Average, Spain, ESP
19.6632, 1965, Jun Average, Spain, ESP
20.8731, 1965, Jul Average, Spain, ESP
21.6139, 1965, Aug Average, Spain, ESP
16.4506, 1965, Sep Average, Spain, ESP
14.0682, 1965, Oct Average, Spain, ESP
8.54351, 1965, Nov Average, Spain, ESP
6.82227, 1965, Dec Average, Spain, ESP
7.38754, 1966, Jan Average, Spain, ESP
8.6089, 1966, Feb Average, Spain, ESP
8.37592, 1966, Mar Average, Spain, ESP
11.4853, 1966, Apr Average, Spain, ESP
15.3682, 1966, May Average, Spain, ESP
18.4251, 1966, Jun Average, Spain, ESP
21.135, 1966, Jul Average, Spain, ESP
21.6566, 1966, Aug Average, Spain, ESP
20.0906, 1966, Sep Average, Spain, ESP
12.8453, 1966, Oct Average, Spain, ESP
6.7168, 1966, Nov Average, Spain, ESP
6.06755, 1966, Dec Average, Spain, ESP
4.88387, 1967, Jan Average, Spain, ESP
6.7646, 1967, Feb Average, Spain, ESP
10.1848, 1967, Mar Average, Spain, ESP
10.262, 1967, Apr Average, Spain, ESP
13.4028, 1967, May Average, Spain, ESP
17.7604, 1967, Jun Average, Spain, ESP
22.8129, 1967, Jul Average, Spain, ESP
21.7576, 1967, Aug Average, Spain, ESP
18.2061, 1967, Sep Average, Spain, ESP
15.255, 1967, Oct Average, Spain, ESP
9.25943, 1967, Nov Average, Spain, ESP
4.64094, 1967, Dec Average, Spain, ESP
5.8261, 1968, Jan Average, Spain, ESP
6.81461, 1968, Feb Average, Spain, ESP
7.99278, 1968, Mar Average, Spain, ESP
10.738, 1968, Apr Average, Spain, ESP
13.9344, 1968, May Average, Spain, ESP
18.9072, 1968, Jun Average, Spain, ESP
21.9437, 1968, Jul Average, Spain, ESP
21.3386, 1968, Aug Average, Spain, ESP
18.3022, 1968, Sep Average, Spain, ESP
16.0414, 1968, Oct Average, Spain, ESP
9.56441, 1968, Nov Average, Spain, ESP
6.52552, 1968, Dec Average, Spain, ESP
6.39815, 1969, Jan Average, Spain, ESP
5.00936, 1969, Feb Average, Spain, ESP
8.36653, 1969, Mar Average, Spain, ESP
10.6853, 1969, Apr Average, Spain, ESP
13.8838, 1969, May Average, Spain, ESP
17.1691, 1969, Jun Average, Spain, ESP
22.6833, 1969, Jul Average, Spain, ESP
21.7964, 1969, Aug Average, Spain, ESP
16.5079, 1969, Sep Average, Spain, ESP
14.3056, 1969, Oct Average, Spain, ESP
8.20403, 1969, Nov Average, Spain, ESP
4.93749, 1969, Dec Average, Spain, ESP
6.78676, 1970, Jan Average, Spain, ESP
6.74046, 1970, Feb Average, Spain, ESP
6.93522, 1970, Mar Average, Spain, ESP
10.6737, 1970, Apr Average, Spain, ESP
14.5307, 1970, May Average, Spain, ESP
18.6062, 1970, Jun Average, Spain, ESP
22.2498, 1970, Jul Average, Spain, ESP
21.4365, 1970, Aug Average, Spain, ESP
20.402, 1970, Sep Average, Spain, ESP
13.3911, 1970, Oct Average, Spain, ESP
10.8729, 1970, Nov Average, Spain, ESP
3.60085, 1970, Dec Average, Spain, ESP
4.91678, 1971, Jan Average, Spain, ESP
6.92397, 1971, Feb Average, Spain, ESP
6.17788, 1971, Mar Average, Spain, ESP
10.7212, 1971, Apr Average, Spain, ESP
12.8941, 1971, May Average, Spain, ESP
16.8449, 1971, Jun Average, Spain, ESP
21.8548, 1971, Jul Average, Spain, ESP
21.2367, 1971, Aug Average, Spain, ESP
19.0764, 1971, Sep Average, Spain, ESP
15.5928, 1971, Oct Average, Spain, ESP
7.30966, 1971, Nov Average, Spain, ESP
6.09217, 1971, Dec Average, Spain, ESP
4.49014, 1972, Jan Average, Spain, ESP
6.68629, 1972, Feb Average, Spain, ESP
8.18093, 1972, Mar Average, Spain, ESP
10.6058, 1972, Apr Average, Spain, ESP
13.0727, 1972, May Average, Spain, ESP
17.0444, 1972, Jun Average, Spain, ESP
21.2622, 1972, Jul Average, Spain, ESP
20.4659, 1972, Aug Average, Spain, ESP
16.2673, 1972, Sep Average, Spain, ESP
12.6725, 1972, Oct Average, Spain, ESP
9.75947, 1972, Nov Average, Spain, ESP
5.72616, 1972, Dec Average, Spain, ESP
5.22756, 1973, Jan Average, Spain, ESP
5.81027, 1973, Feb Average, Spain, ESP
7.60655, 1973, Mar Average, Spain, ESP
10.5147, 1973, Apr Average, Spain, ESP
14.8111, 1973, May Average, Spain, ESP
18.6592, 1973, Jun Average, Spain, ESP
21.3967, 1973, Jul Average, Spain, ESP
23.0746, 1973, Aug Average, Spain, ESP
18.6615, 1973, Sep Average, Spain, ESP
13.1496, 1973, Oct Average, Spain, ESP
9.44543, 1973, Nov Average, Spain, ESP
5.16198, 1973, Dec Average, Spain, ESP
6.89537, 1974, Jan Average, Spain, ESP
6.21175, 1974, Feb Average, Spain, ESP
8.30703, 1974, Mar Average, Spain, ESP
9.5595, 1974, Apr Average, Spain, ESP
14.6363, 1974, May Average, Spain, ESP
18.3679, 1974, Jun Average, Spain, ESP
22.101, 1974, Jul Average, Spain, ESP
21.5794, 1974, Aug Average, Spain, ESP
17.8001, 1974, Sep Average, Spain, ESP
10.9896, 1974, Oct Average, Spain, ESP
9.16754, 1974, Nov Average, Spain, ESP
6.64944, 1974, Dec Average, Spain, ESP
6.73718, 1975, Jan Average, Spain, ESP
7.38859, 1975, Feb Average, Spain, ESP
7.06, 1975, Mar Average, Spain, ESP
10.4492, 1975, Apr Average, Spain, ESP
12.999, 1975, May Average, Spain, ESP
18.0666, 1975, Jun Average, Spain, ESP
22.6463, 1975, Jul Average, Spain, ESP
22.2799, 1975, Aug Average, Spain, ESP
17.5499, 1975, Sep Average, Spain, ESP
14.1481, 1975, Oct Average, Spain, ESP
8.6704, 1975, Nov Average, Spain, ESP
4.6666, 1975, Dec Average, Spain, ESP
4.75913, 1976, Jan Average, Spain, ESP
6.957, 1976, Feb Average, Spain, ESP
8.61284, 1976, Mar Average, Spain, ESP
9.55873, 1976, Apr Average, Spain, ESP
14.8725, 1976, May Average, Spain, ESP
20.4414, 1976, Jun Average, Spain, ESP
22.3298, 1976, Jul Average, Spain, ESP
21.8234, 1976, Aug Average, Spain, ESP
17.3913, 1976, Sep Average, Spain, ESP
12.2987, 1976, Oct Average, Spain, ESP
7.28402, 1976, Nov Average, Spain, ESP
6.85446, 1976, Dec Average, Spain, ESP
5.64626, 1977, Jan Average, Spain, ESP
7.97454, 1977, Feb Average, Spain, ESP
9.61254, 1977, Mar Average, Spain, ESP
11.3877, 1977, Apr Average, Spain, ESP
13.217, 1977, May Average, Spain, ESP
16.6164, 1977, Jun Average, Spain, ESP
19.6198, 1977, Jul Average, Spain, ESP
19.774, 1977, Aug Average, Spain, ESP
18.9796, 1977, Sep Average, Spain, ESP
14.455, 1977, Oct Average, Spain, ESP
8.93158, 1977, Nov Average, Spain, ESP
7.82616, 1977, Dec Average, Spain, ESP
5.21239, 1978, Jan Average, Spain, ESP
7.81312, 1978, Feb Average, Spain, ESP
9.12064, 1978, Mar Average, Spain, ESP
9.78084, 1978, Apr Average, Spain, ESP
13.071, 1978, May Average, Spain, ESP
16.6134, 1978, Jun Average, Spain, ESP
21.1763, 1978, Jul Average, Spain, ESP
21.9641, 1978, Aug Average, Spain, ESP
20.1612, 1978, Sep Average, Spain, ESP
13.8968, 1978, Oct Average, Spain, ESP
9.01785, 1978, Nov Average, Spain, ESP
7.86977, 1978, Dec Average, Spain, ESP
6.75062, 1979, Jan Average, Spain, ESP
7.28456, 1979, Feb Average, Spain, ESP
8.20196, 1979, Mar Average, Spain, ESP
9.99377, 1979, Apr Average, Spain, ESP
14.3909, 1979, May Average, Spain, ESP
19.1614, 1979, Jun Average, Spain, ESP
22.3094, 1979, Jul Average, Spain, ESP
21.6924, 1979, Aug Average, Spain, ESP
18.6297, 1979, Sep Average, Spain, ESP
13.3974, 1979, Oct Average, Spain, ESP
8.37241, 1979, Nov Average, Spain, ESP
6.75529, 1979, Dec Average, Spain, ESP
5.32078, 1980, Jan Average, Spain, ESP
7.6324, 1980, Feb Average, Spain, ESP
8.70193, 1980, Mar Average, Spain, ESP
10.4449, 1980, Apr Average, Spain, ESP
13.296, 1980, May Average, Spain, ESP
17.908, 1980, Jun Average, Spain, ESP
20.8312, 1980, Jul Average, Spain, ESP
22.4893, 1980, Aug Average, Spain, ESP
20.3723, 1980, Sep Average, Spain, ESP
13.8055, 1980, Oct Average, Spain, ESP
8.46079, 1980, Nov Average, Spain, ESP
4.82042, 1980, Dec Average, Spain, ESP
5.43402, 1981, Jan Average, Spain, ESP
5.64857, 1981, Feb Average, Spain, ESP
10.5482, 1981, Mar Average, Spain, ESP
10.5499, 1981, Apr Average, Spain, ESP
13.5969, 1981, May Average, Spain, ESP
19.7492, 1981, Jun Average, Spain, ESP
21.5398, 1981, Jul Average, Spain, ESP
22.0649, 1981, Aug Average, Spain, ESP
19.2689, 1981, Sep Average, Spain, ESP
14.5196, 1981, Oct Average, Spain, ESP
10.9112, 1981, Nov Average, Spain, ESP
7.67582, 1981, Dec Average, Spain, ESP
7.44764, 1982, Jan Average, Spain, ESP
7.28555, 1982, Feb Average, Spain, ESP
8.96014, 1982, Mar Average, Spain, ESP
11.5682, 1982, Apr Average, Spain, ESP
14.9354, 1982, May Average, Spain, ESP
19.8613, 1982, Jun Average, Spain, ESP
22.4133, 1982, Jul Average, Spain, ESP
21.8023, 1982, Aug Average, Spain, ESP
19.1438, 1982, Sep Average, Spain, ESP
13.1405, 1982, Oct Average, Spain, ESP
9.00315, 1982, Nov Average, Spain, ESP
6.06532, 1982, Dec Average, Spain, ESP
5.62806, 1983, Jan Average, Spain, ESP
5.09236, 1983, Feb Average, Spain, ESP
9.94349, 1983, Mar Average, Spain, ESP
10.5742, 1983, Apr Average, Spain, ESP
13.145, 1983, May Average, Spain, ESP
19.5882, 1983, Jun Average, Spain, ESP
22.3018, 1983, Jul Average, Spain, ESP
21.18, 1983, Aug Average, Spain, ESP
20.5495, 1983, Sep Average, Spain, ESP
15.2849, 1983, Oct Average, Spain, ESP
11.4921, 1983, Nov Average, Spain, ESP
6.70907, 1983, Dec Average, Spain, ESP
5.84442, 1984, Jan Average, Spain, ESP
6.0793, 1984, Feb Average, Spain, ESP
6.98514, 1984, Mar Average, Spain, ESP
12.5378, 1984, Apr Average, Spain, ESP
11.3056, 1984, May Average, Spain, ESP
17.8367, 1984, Jun Average, Spain, ESP
22.5062, 1984, Jul Average, Spain, ESP
21.3046, 1984, Aug Average, Spain, ESP
18.4529, 1984, Sep Average, Spain, ESP
13.5204, 1984, Oct Average, Spain, ESP
9.70764, 1984, Nov Average, Spain, ESP
6.54505, 1984, Dec Average, Spain, ESP
3.44821, 1985, Jan Average, Spain, ESP
8.27396, 1985, Feb Average, Spain, ESP
7.91378, 1985, Mar Average, Spain, ESP
11.7777, 1985, Apr Average, Spain, ESP
13.2206, 1985, May Average, Spain, ESP
18.9524, 1985, Jun Average, Spain, ESP
23.0838, 1985, Jul Average, Spain, ESP
21.8532, 1985, Aug Average, Spain, ESP
21.3712, 1985, Sep Average, Spain, ESP
15.7955, 1985, Oct Average, Spain, ESP
8.37712, 1985, Nov Average, Spain, ESP
6.37928, 1985, Dec Average, Spain, ESP
5.66884, 1986, Jan Average, Spain, ESP
5.8051, 1986, Feb Average, Spain, ESP
8.51908, 1986, Mar Average, Spain, ESP
8.24912, 1986, Apr Average, Spain, ESP
15.9202, 1986, May Average, Spain, ESP
19.1598, 1986, Jun Average, Spain, ESP
22.8161, 1986, Jul Average, Spain, ESP
21.6341, 1986, Aug Average, Spain, ESP
19.5748, 1986, Sep Average, Spain, ESP
15.1059, 1986, Oct Average, Spain, ESP
9.25979, 1986, Nov Average, Spain, ESP
6.50703, 1986, Dec Average, Spain, ESP
4.64056, 1987, Jan Average, Spain, ESP
6.78482, 1987, Feb Average, Spain, ESP
9.61016, 1987, Mar Average, Spain, ESP
12.2317, 1987, Apr Average, Spain, ESP
14.5514, 1987, May Average, Spain, ESP
19.0094, 1987, Jun Average, Spain, ESP
22.1964, 1987, Jul Average, Spain, ESP
22.8325, 1987, Aug Average, Spain, ESP
21.3776, 1987, Sep Average, Spain, ESP
13.4933, 1987, Oct Average, Spain, ESP
9.20929, 1987, Nov Average, Spain, ESP
7.77904, 1987, Dec Average, Spain, ESP
7.35494, 1988, Jan Average, Spain, ESP
6.80794, 1988, Feb Average, Spain, ESP
9.53666, 1988, Mar Average, Spain, ESP
11.2897, 1988, Apr Average, Spain, ESP
14.1569, 1988, May Average, Spain, ESP
17.5567, 1988, Jun Average, Spain, ESP
21.6229, 1988, Jul Average, Spain, ESP
22.6214, 1988, Aug Average, Spain, ESP
19.605, 1988, Sep Average, Spain, ESP
14.8439, 1988, Oct Average, Spain, ESP
9.94162, 1988, Nov Average, Spain, ESP
5.92396, 1988, Dec Average, Spain, ESP
5.46075, 1989, Jan Average, Spain, ESP
7.58661, 1989, Feb Average, Spain, ESP
10.4213, 1989, Mar Average, Spain, ESP
9.76109, 1989, Apr Average, Spain, ESP
16.1974, 1989, May Average, Spain, ESP
19.8137, 1989, Jun Average, Spain, ESP
24.162, 1989, Jul Average, Spain, ESP
23.4396, 1989, Aug Average, Spain, ESP
18.6693, 1989, Sep Average, Spain, ESP
15.5167, 1989, Oct Average, Spain, ESP
10.6677, 1989, Nov Average, Spain, ESP
9.03735, 1989, Dec Average, Spain, ESP
5.80305, 1990, Jan Average, Spain, ESP
9.80763, 1990, Feb Average, Spain, ESP
10.3656, 1990, Mar Average, Spain, ESP
10.3365, 1990, Apr Average, Spain, ESP
16.2362, 1990, May Average, Spain, ESP
19.6525, 1990, Jun Average, Spain, ESP
23.7715, 1990, Jul Average, Spain, ESP
23.7361, 1990, Aug Average, Spain, ESP
20.7143, 1990, Sep Average, Spain, ESP
14.278, 1990, Oct Average, Spain, ESP
8.87258, 1990, Nov Average, Spain, ESP
5.03846, 1990, Dec Average, Spain, ESP
5.3711, 1991, Jan Average, Spain, ESP
5.51411, 1991, Feb Average, Spain, ESP
9.54844, 1991, Mar Average, Spain, ESP
10.2288, 1991, Apr Average, Spain, ESP
14.0506, 1991, May Average, Spain, ESP
19.4024, 1991, Jun Average, Spain, ESP
23.2758, 1991, Jul Average, Spain, ESP
24.1959, 1991, Aug Average, Spain, ESP
20.5503, 1991, Sep Average, Spain, ESP
12.5813, 1991, Oct Average, Spain, ESP
8.96083, 1991, Nov Average, Spain, ESP
6.44105, 1991, Dec Average, Spain, ESP
4.26265, 1992, Jan Average, Spain, ESP
6.51471, 1992, Feb Average, Spain, ESP
9.50415, 1992, Mar Average, Spain, ESP
11.7148, 1992, Apr Average, Spain, ESP
16.4752, 1992, May Average, Spain, ESP
16.5824, 1992, Jun Average, Spain, ESP
22.7319, 1992, Jul Average, Spain, ESP
23.223, 1992, Aug Average, Spain, ESP
18.8345, 1992, Sep Average, Spain, ESP
12.4911, 1992, Oct Average, Spain, ESP
10.3471, 1992, Nov Average, Spain, ESP
7.19247, 1992, Dec Average, Spain, ESP
5.73659, 1993, Jan Average, Spain, ESP
6.34557, 1993, Feb Average, Spain, ESP
8.93736, 1993, Mar Average, Spain, ESP
10.7373, 1993, Apr Average, Spain, ESP
14.3336, 1993, May Average, Spain, ESP
19.3241, 1993, Jun Average, Spain, ESP
22.1832, 1993, Jul Average, Spain, ESP
22.6828, 1993, Aug Average, Spain, ESP
17.4683, 1993, Sep Average, Spain, ESP
11.804, 1993, Oct Average, Spain, ESP
8.20128, 1993, Nov Average, Spain, ESP
7.04586, 1993, Dec Average, Spain, ESP
5.84137, 1994, Jan Average, Spain, ESP
6.92937, 1994, Feb Average, Spain, ESP
11.0051, 1994, Mar Average, Spain, ESP
10.5511, 1994, Apr Average, Spain, ESP
15.2146, 1994, May Average, Spain, ESP
19.863, 1994, Jun Average, Spain, ESP
23.7982, 1994, Jul Average, Spain, ESP
23.413, 1994, Aug Average, Spain, ESP
17.6203, 1994, Sep Average, Spain, ESP
14.6232, 1994, Oct Average, Spain, ESP
11.0459, 1994, Nov Average, Spain, ESP
7.4757, 1994, Dec Average, Spain, ESP
6.54656, 1995, Jan Average, Spain, ESP
8.42585, 1995, Feb Average, Spain, ESP
9.63153, 1995, Mar Average, Spain, ESP
12.2162, 1995, Apr Average, Spain, ESP
16.3491, 1995, May Average, Spain, ESP
19.3239, 1995, Jun Average, Spain, ESP
23.4475, 1995, Jul Average, Spain, ESP
23.0999, 1995, Aug Average, Spain, ESP
17.2776, 1995, Sep Average, Spain, ESP
16.2855, 1995, Oct Average, Spain, ESP
10.9913, 1995, Nov Average, Spain, ESP
7.87875, 1995, Dec Average, Spain, ESP
7.39839, 1996, Jan Average, Spain, ESP
5.91913, 1996, Feb Average, Spain, ESP
8.97667, 1996, Mar Average, Spain, ESP
12.086, 1996, Apr Average, Spain, ESP
14.4831, 1996, May Average, Spain, ESP
20.5954, 1996, Jun Average, Spain, ESP
22.8568, 1996, Jul Average, Spain, ESP
21.5356, 1996, Aug Average, Spain, ESP
17.4933, 1996, Sep Average, Spain, ESP
13.9445, 1996, Oct Average, Spain, ESP
9.53937, 1996, Nov Average, Spain, ESP
6.93843, 1996, Dec Average, Spain, ESP
5.86181, 1997, Jan Average, Spain, ESP
8.98203, 1997, Feb Average, Spain, ESP
11.9149, 1997, Mar Average, Spain, ESP
13.5777, 1997, Apr Average, Spain, ESP
15.4448, 1997, May Average, Spain, ESP
18.3324, 1997, Jun Average, Spain, ESP
21.5751, 1997, Jul Average, Spain, ESP
22.9021, 1997, Aug Average, Spain, ESP
20.4228, 1997, Sep Average, Spain, ESP
16.31, 1997, Oct Average, Spain, ESP
10.2395, 1997, Nov Average, Spain, ESP
7.14585, 1997, Dec Average, Spain, ESP
7.14933, 1998, Jan Average, Spain, ESP
8.64435, 1998, Feb Average, Spain, ESP
11.0509, 1998, Mar Average, Spain, ESP
10.6103, 1998, Apr Average, Spain, ESP
14.9261, 1998, May Average, Spain, ESP
19.792, 1998, Jun Average, Spain, ESP
23.0785, 1998, Jul Average, Spain, ESP
23.6987, 1998, Aug Average, Spain, ESP
19.3168, 1998, Sep Average, Spain, ESP
13.702, 1998, Oct Average, Spain, ESP
9.2829, 1998, Nov Average, Spain, ESP
5.51674, 1998, Dec Average, Spain, ESP
6.02585, 1999, Jan Average, Spain, ESP
6.45989, 1999, Feb Average, Spain, ESP
9.54112, 1999, Mar Average, Spain, ESP
12.1325, 1999, Apr Average, Spain, ESP
16.3194, 1999, May Average, Spain, ESP
19.7646, 1999, Jun Average, Spain, ESP
23.4609, 1999, Jul Average, Spain, ESP
22.9921, 1999, Aug Average, Spain, ESP
19.3051, 1999, Sep Average, Spain, ESP
14.4944, 1999, Oct Average, Spain, ESP
8.24683, 1999, Nov Average, Spain, ESP
6.3848, 1999, Dec Average, Spain, ESP
4.39651, 2000, Jan Average, Spain, ESP
9.04715, 2000, Feb Average, Spain, ESP
10.2235, 2000, Mar Average, Spain, ESP
10.5107, 2000, Apr Average, Spain, ESP
16.1069, 2000, May Average, Spain, ESP
20.5909, 2000, Jun Average, Spain, ESP
21.9925, 2000, Jul Average, Spain, ESP
22.5909, 2000, Aug Average, Spain, ESP
19.566, 2000, Sep Average, Spain, ESP
13.7694, 2000, Oct Average, Spain, ESP
8.95628, 2000, Nov Average, Spain, ESP
8.09397, 2000, Dec Average, Spain, ESP
7.27061, 2001, Jan Average, Spain, ESP
7.74297, 2001, Feb Average, Spain, ESP
11.2655, 2001, Mar Average, Spain, ESP
11.9549, 2001, Apr Average, Spain, ESP
15.41, 2001, May Average, Spain, ESP
20.787, 2001, Jun Average, Spain, ESP
22.1715, 2001, Jul Average, Spain, ESP
23.1579, 2001, Aug Average, Spain, ESP
18.7615, 2001, Sep Average, Spain, ESP
15.8616, 2001, Oct Average, Spain, ESP
7.89411, 2001, Nov Average, Spain, ESP
4.4322, 2001, Dec Average, Spain, ESP
6.86332, 2002, Jan Average, Spain, ESP
8.16887, 2002, Feb Average, Spain, ESP
10.1889, 2002, Mar Average, Spain, ESP
11.7937, 2002, Apr Average, Spain, ESP
14.3068, 2002, May Average, Spain, ESP
20.0219, 2002, Jun Average, Spain, ESP
22.0796, 2002, Jul Average, Spain, ESP
21.4205, 2002, Aug Average, Spain, ESP
18.5738, 2002, Sep Average, Spain, ESP
14.763, 2002, Oct Average, Spain, ESP
10.1006, 2002, Nov Average, Spain, ESP
8.42864, 2002, Dec Average, Spain, ESP
5.82612, 2003, Jan Average, Spain, ESP
6.12793, 2003, Feb Average, Spain, ESP
10.5049, 2003, Mar Average, Spain, ESP
11.9715, 2003, Apr Average, Spain, ESP
16.1591, 2003, May Average, Spain, ESP
22.0474, 2003, Jun Average, Spain, ESP
23.5247, 2003, Jul Average, Spain, ESP
24.5143, 2003, Aug Average, Spain, ESP
20.056, 2003, Sep Average, Spain, ESP
13.7112, 2003, Oct Average, Spain, ESP
10.1481, 2003, Nov Average, Spain, ESP
6.77003, 2003, Dec Average, Spain, ESP
7.33214, 2004, Jan Average, Spain, ESP
6.96636, 2004, Feb Average, Spain, ESP
8.50519, 2004, Mar Average, Spain, ESP
10.9754, 2004, Apr Average, Spain, ESP
14.2752, 2004, May Average, Spain, ESP
21.4769, 2004, Jun Average, Spain, ESP
23.1244, 2004, Jul Average, Spain, ESP
22.9163, 2004, Aug Average, Spain, ESP
20.1588, 2004, Sep Average, Spain, ESP
15.1476, 2004, Oct Average, Spain, ESP
8.46375, 2004, Nov Average, Spain, ESP
6.40726, 2004, Dec Average, Spain, ESP
4.89084, 2005, Jan Average, Spain, ESP
4.59118, 2005, Feb Average, Spain, ESP
9.05311, 2005, Mar Average, Spain, ESP
12.0033, 2005, Apr Average, Spain, ESP
16.4821, 2005, May Average, Spain, ESP
21.8067, 2005, Jun Average, Spain, ESP
23.5197, 2005, Jul Average, Spain, ESP
22.8505, 2005, Aug Average, Spain, ESP
19.0937, 2005, Sep Average, Spain, ESP
15.2046, 2005, Oct Average, Spain, ESP
8.58128, 2005, Nov Average, Spain, ESP
5.63483, 2005, Dec Average, Spain, ESP
4.99605, 2006, Jan Average, Spain, ESP
5.80599, 2006, Feb Average, Spain, ESP
10.0954, 2006, Mar Average, Spain, ESP
12.7804, 2006, Apr Average, Spain, ESP
16.809, 2006, May Average, Spain, ESP
20.5719, 2006, Jun Average, Spain, ESP
24.6145, 2006, Jul Average, Spain, ESP
22.3724, 2006, Aug Average, Spain, ESP
20.2672, 2006, Sep Average, Spain, ESP
16.1645, 2006, Oct Average, Spain, ESP
11.5784, 2006, Nov Average, Spain, ESP
6.50893, 2006, Dec Average, Spain, ESP
6.39702, 2007, Jan Average, Spain, ESP
8.77988, 2007, Feb Average, Spain, ESP
9.34927, 2007, Mar Average, Spain, ESP
12.1283, 2007, Apr Average, Spain, ESP
15.5508, 2007, May Average, Spain, ESP
19.0524, 2007, Jun Average, Spain, ESP
22.328, 2007, Jul Average, Spain, ESP
21.9836, 2007, Aug Average, Spain, ESP
19.1968, 2007, Sep Average, Spain, ESP
14.3114, 2007, Oct Average, Spain, ESP
8.78968, 2007, Nov Average, Spain, ESP
6.20239, 2007, Dec Average, Spain, ESP
7.45476, 2008, Jan Average, Spain, ESP
8.77457, 2008, Feb Average, Spain, ESP
9.54534, 2008, Mar Average, Spain, ESP
12.2321, 2008, Apr Average, Spain, ESP
14.5814, 2008, May Average, Spain, ESP
19.6046, 2008, Jun Average, Spain, ESP
22.54, 2008, Jul Average, Spain, ESP
22.792, 2008, Aug Average, Spain, ESP
18.6126, 2008, Sep Average, Spain, ESP
13.8026, 2008, Oct Average, Spain, ESP
8.01934, 2008, Nov Average, Spain, ESP
5.62297, 2008, Dec Average, Spain, ESP
5.387, 2009, Jan Average, Spain, ESP
6.7889, 2009, Feb Average, Spain, ESP
10.1256, 2009, Mar Average, Spain, ESP
10.9928, 2009, Apr Average, Spain, ESP
16.5016, 2009, May Average, Spain, ESP
20.8331, 2009, Jun Average, Spain, ESP
23.1835, 2009, Jul Average, Spain, ESP
24.0078, 2009, Aug Average, Spain, ESP
19.9151, 2009, Sep Average, Spain, ESP
16.114, 2009, Oct Average, Spain, ESP
11.1712, 2009, Nov Average, Spain, ESP
6.63688, 2009, Dec Average, Spain, ESP
5.47328, 2010, Jan Average, Spain, ESP
6.31419, 2010, Feb Average, Spain, ESP
8.4576, 2010, Mar Average, Spain, ESP
12.4541, 2010, Apr Average, Spain, ESP
14.7265, 2010, May Average, Spain, ESP
19.3189, 2010, Jun Average, Spain, ESP
24.206, 2010, Jul Average, Spain, ESP
23.6326, 2010, Aug Average, Spain, ESP
19.5737, 2010, Sep Average, Spain, ESP
13.9401, 2010, Oct Average, Spain, ESP
8.9061, 2010, Nov Average, Spain, ESP
5.86834, 2010, Dec Average, Spain, ESP
6.04457, 2011, Jan Average, Spain, ESP
7.29801, 2011, Feb Average, Spain, ESP
9.09622, 2011, Mar Average, Spain, ESP
13.6407, 2011, Apr Average, Spain, ESP
16.7677, 2011, May Average, Spain, ESP
19.8108, 2011, Jun Average, Spain, ESP
22.3172, 2011, Jul Average, Spain, ESP
23.3899, 2011, Aug Average, Spain, ESP
20.6462, 2011, Sep Average, Spain, ESP
15.9034, 2011, Oct Average, Spain, ESP
10.6646, 2011, Nov Average, Spain, ESP
6.9515, 2011, Dec Average, Spain, ESP
6.01945, 2012, Jan Average, Spain, ESP
4.90406, 2012, Feb Average, Spain, ESP
9.99369, 2012, Mar Average, Spain, ESP
10.5812, 2012, Apr Average, Spain, ESP
16.5249, 2012, May Average, Spain, ESP
20.9634, 2012, Jun Average, Spain, ESP
22.7572, 2012, Jul Average, Spain, ESP
23.8738, 2012, Aug Average, Spain, ESP
19.7314, 2012, Sep Average, Spain, ESP
14.7435, 2012, Oct Average, Spain, ESP
9.74634, 2012, Nov Average, Spain, ESP
7.13371, 2012, Dec Average, Spain, ESP
6.68511, 2013, Jan Average, Spain, ESP
6.30821, 2013, Feb Average, Spain, ESP
9.2779, 2013, Mar Average, Spain, ESP
11.1565, 2013, Apr Average, Spain, ESP
13.5533, 2013, May Average, Spain, ESP
18.7152, 2013, Jun Average, Spain, ESP
23.9226, 2013, Jul Average, Spain, ESP
23.316, 2013, Aug Average, Spain, ESP
20.2531, 2013, Sep Average, Spain, ESP
16.134, 2013, Oct Average, Spain, ESP
9.19735, 2013, Nov Average, Spain, ESP
6.25957, 2013, Dec Average, Spain, ESP
7.54797, 2014, Jan Average, Spain, ESP
7.50248, 2014, Feb Average, Spain, ESP
9.9303, 2014, Mar Average, Spain, ESP
13.4562, 2014, Apr Average, Spain, ESP
15.6182, 2014, May Average, Spain, ESP
20.0436, 2014, Jun Average, Spain, ESP
22.2682, 2014, Jul Average, Spain, ESP
22.7247, 2014, Aug Average, Spain, ESP
20.7094, 2014, Sep Average, Spain, ESP
16.884, 2014, Oct Average, Spain, ESP
11.0028, 2014, Nov Average, Spain, ESP
6.53087, 2014, Dec Average, Spain, ESP
5.93938, 2015, Jan Average, Spain, ESP
6.33092, 2015, Feb Average, Spain, ESP
9.62363, 2015, Mar Average, Spain, ESP
12.6642, 2015, Apr Average, Spain, ESP
16.791, 2015, May Average, Spain, ESP
20.9877, 2015, Jun Average, Spain, ESP
24.573, 2015, Jul Average, Spain, ESP
23.2454, 2015, Aug Average, Spain, ESP
18.8963, 2015, Sep Average, Spain, ESP
14.7707, 2015, Oct Average, Spain, ESP
11.0535, 2015, Nov Average, Spain, ESP
8.40753, 2015, Dec Average, Spain, ESP
7.93758, 2016, Jan Average, Spain, ESP
7.97624, 2016, Feb Average, Spain, ESP
8.73532, 2016, Mar Average, Spain, ESP
11.2886, 2016, Apr Average, Spain, ESP
14.9551, 2016, May Average, Spain, ESP
20.1408, 2016, Jun Average, Spain, ESP
23.4815, 2016, Jul Average, Spain, ESP
23.6965, 2016, Aug Average, Spain, ESP
20.6296, 2016, Sep Average, Spain, ESP
15.5534, 2016, Oct Average, Spain, ESP
9.63252, 2016, Nov Average, Spain, ESP
7.37377, 2016, Dec Average, Spain, ESP
